-- phpMyAdmin SQL Dump
-- version 4.2.11
-- http://www.phpmyadmin.net
--
-- Servidor: localhost
-- Tiempo de generación: 06-08-2015 a las 19:05:04
-- Versión del servidor: 5.6.21
-- Versión de PHP: 5.6.3

SET SQL_MODE = "NO_AUTO_VALUE_ON_ZERO";
SET time_zone = "+00:00";


/*!40101 SET @OLD_CHARACTER_SET_CLIENT=@@CHARACTER_SET_CLIENT */;
/*!40101 SET @OLD_CHARACTER_SET_RESULTS=@@CHARACTER_SET_RESULTS */;
/*!40101 SET @OLD_COLLATION_CONNECTION=@@COLLATION_CONNECTION */;
/*!40101 SET NAMES utf8 */;

--
-- Base de datos: `BIBLIOTECA`
--
CREATE DATABASE IF NOT EXISTS `BIBLIOTECA` DEFAULT CHARACTER SET utf8 COLLATE utf8_general_ci;
USE `BIBLIOTECA`;

-- --------------------------------------------------------

--
-- Estructura de tabla para la tabla `AREA`
--

CREATE TABLE IF NOT EXISTS `AREA` (
`ID_AREA` int(11) NOT NULL,
  `DESCRIPCION` varchar(45) DEFAULT NULL
) ENGINE=InnoDB AUTO_INCREMENT=3 DEFAULT CHARSET=utf8;

--
-- Volcado de datos para la tabla `AREA`
--

INSERT INTO `AREA` (`ID_AREA`, `DESCRIPCION`) VALUES
(1, 'AREA 1'),
(2, 'AREA 2');

-- --------------------------------------------------------

--
-- Estructura de tabla para la tabla `AUTOR`
--

CREATE TABLE IF NOT EXISTS `AUTOR` (
`ID_AUTOR` int(11) NOT NULL,
  `PRIMER_NOMBRE` varchar(45) DEFAULT NULL,
  `SEGUNDO_NOMBRE` varchar(45) DEFAULT NULL,
  `PRIMER_APELLIDO` varchar(45) DEFAULT NULL,
  `SEGUNDO_APELLIDO` varchar(45) DEFAULT NULL,
  `TIPO_AUTOR` varchar(45) DEFAULT NULL
) ENGINE=InnoDB AUTO_INCREMENT=10 DEFAULT CHARSET=utf8;

--
-- Volcado de datos para la tabla `AUTOR`
--

INSERT INTO `AUTOR` (`ID_AUTOR`, `PRIMER_NOMBRE`, `SEGUNDO_NOMBRE`, `PRIMER_APELLIDO`, `SEGUNDO_APELLIDO`, `TIPO_AUTOR`) VALUES
(8, 'AUTOR', 'SEGUNDO', 'TEST', 'AAAA', 'PERSONAL'),
(9, 'VIVALDI', 'NOMBRE', 'APELLIDOA', 'APELLIDOB', 'INSTITUCIONAL');

-- --------------------------------------------------------

--
-- Estructura de tabla para la tabla `CIUDAD`
--

CREATE TABLE IF NOT EXISTS `CIUDAD` (
`ID_CIUDAD` int(11) NOT NULL,
  `NOMBRE` varchar(45) DEFAULT NULL,
  `ID_PAIS` int(11) DEFAULT NULL
) ENGINE=InnoDB AUTO_INCREMENT=32 DEFAULT CHARSET=utf8;

--
-- Volcado de datos para la tabla `CIUDAD`
--

INSERT INTO `CIUDAD` (`ID_CIUDAD`, `NOMBRE`, `ID_PAIS`) VALUES
(8, 'BERLIN', 11),
(9, 'MUNICH', 11),
(10, 'DORTMUND', 11),
(11, 'BUENOS AIRES', 12),
(12, 'CORDOBA', 12),
(13, 'MAR DEL PLATA', 12),
(14, 'ABAIRA', 13),
(15, 'ACARA', 13),
(16, 'SAO PAULO', 13),
(17, 'AIRDRIE', 14),
(18, 'ALBERTA', 14),
(19, 'CAMROSE', 14),
(20, 'BOGOTA', 15),
(21, 'MEDELLIN', 15),
(22, 'CALI', 15),
(23, 'BARCELONA', 16),
(24, 'CORDOBA', 16),
(25, 'MADRID', 16),
(26, 'CHICAGO', 17),
(27, 'LOS ANGELES', 17),
(28, 'NUEVA YORK', 17),
(29, 'GENOVA', 18),
(30, 'MILAN', 18),
(31, 'ROMA', 18);

-- --------------------------------------------------------

--
-- Estructura de tabla para la tabla `EDITORIAL`
--

CREATE TABLE IF NOT EXISTS `EDITORIAL` (
`ID_EDITORIAL` int(11) NOT NULL,
  `DESCRIPCION` varchar(45) DEFAULT NULL
) ENGINE=InnoDB AUTO_INCREMENT=3 DEFAULT CHARSET=utf8;

--
-- Volcado de datos para la tabla `EDITORIAL`
--

INSERT INTO `EDITORIAL` (`ID_EDITORIAL`, `DESCRIPCION`) VALUES
(1, 'EDITORIAL 1'),
(2, 'EDITORIAL 2');

-- --------------------------------------------------------

--
-- Estructura de tabla para la tabla `LIBRO`
--

CREATE TABLE IF NOT EXISTS `LIBRO` (
`ID_LIBRO` int(11) NOT NULL,
  `TITULO` varchar(45) DEFAULT NULL,
  `VALOR` int(11) DEFAULT NULL,
  `ADQUISICION` varchar(45) DEFAULT NULL,
  `ESTADO` varchar(45) DEFAULT NULL,
  `ISBN` varchar(45) DEFAULT NULL,
  `RADICADO` varchar(45) DEFAULT NULL,
  `FECHA_INGRESO` date DEFAULT NULL,
  `COD_TOPOGRAFICO` varchar(45) DEFAULT NULL,
  `SERIE` varchar(45) DEFAULT NULL,
  `ID_SEDE` int(11) DEFAULT NULL,
  `ID_EDITORIAL` int(11) DEFAULT NULL,
  `ID_AREA` int(11) DEFAULT NULL,
  `ANIO` int(11) DEFAULT NULL,
  `TEMAS` varchar(45) DEFAULT NULL,
  `PAGINAS` int(11) DEFAULT NULL,
  `DISPONIBILIDAD` varchar(45) DEFAULT NULL,
  `ID_USUARIO` int(11) DEFAULT NULL,
  `ID_CIUDAD` int(11) DEFAULT NULL,
  `CANTIDAD` int(11) DEFAULT NULL
) ENGINE=InnoDB AUTO_INCREMENT=5 DEFAULT CHARSET=utf8;

--
-- Volcado de datos para la tabla `LIBRO`
--

INSERT INTO `LIBRO` (`ID_LIBRO`, `TITULO`, `VALOR`, `ADQUISICION`, `ESTADO`, `ISBN`, `RADICADO`, `FECHA_INGRESO`, `COD_TOPOGRAFICO`, `SERIE`, `ID_SEDE`, `ID_EDITORIAL`, `ID_AREA`, `ANIO`, `TEMAS`, `PAGINAS`, `DISPONIBILIDAD`, `ID_USUARIO`, `ID_CIUDAD`, `CANTIDAD`) VALUES
(1, 'LIBRO 1', 1000, 'COMPRADO', 'BUENO', '111', '1', '2015-05-24', '1-1-1', 'SERIE 1', 1, 1, 1, 2014, 'SISTEMAS', 100, '', NULL, NULL, 0),
(2, 'LIBRO 2', 0, '', 'REGULAR', '222', '', NULL, '2-2-2', '', 2, 2, 2, 2015, 'GENERAL', 0, '', NULL, NULL, 1),
(3, 'CON Ñ UNA', 0, '', '', '333', '', '2015-07-22', '333', '', NULL, NULL, NULL, 2015, '', 0, '', 1, 23, 1);

-- --------------------------------------------------------

--
-- Estructura de tabla para la tabla `LIBRO_AUTOR`
--

CREATE TABLE IF NOT EXISTS `LIBRO_AUTOR` (
`ID_LIBRO_AUTOR` int(11) NOT NULL,
  `ID_LIBRO` int(11) DEFAULT NULL,
  `ID_AUTOR` int(11) DEFAULT NULL
) ENGINE=InnoDB AUTO_INCREMENT=10 DEFAULT CHARSET=utf8;

-- --------------------------------------------------------

--
-- Estructura de tabla para la tabla `MULTAS`
--

CREATE TABLE IF NOT EXISTS `MULTAS` (
`ID_MULTAS` int(11) NOT NULL,
  `ID_SOLICITUD` int(11) NOT NULL,
  `VALOR_SUGERIDO` int(11) DEFAULT NULL,
  `VALOR_CANCELADO` int(11) DEFAULT NULL,
  `DIAS_MORA` int(11) DEFAULT NULL,
  `NOTA` varchar(200) DEFAULT NULL
) ENGINE=InnoDB AUTO_INCREMENT=4 DEFAULT CHARSET=utf8;

--
-- Volcado de datos para la tabla `MULTAS`
--

INSERT INTO `MULTAS` (`ID_MULTAS`, `ID_SOLICITUD`, `VALOR_SUGERIDO`, `VALOR_CANCELADO`, `DIAS_MORA`, `NOTA`) VALUES
(2, 7, 31000, 1000, 31, NULL),
(3, 9, 8000, 1, 8, 'test');

-- --------------------------------------------------------

--
-- Estructura de tabla para la tabla `PAIS`
--

CREATE TABLE IF NOT EXISTS `PAIS` (
`ID_PAIS` int(11) NOT NULL,
  `NOMBRE` varchar(45) DEFAULT NULL
) ENGINE=InnoDB AUTO_INCREMENT=19 DEFAULT CHARSET=utf8;

--
-- Volcado de datos para la tabla `PAIS`
--

INSERT INTO `PAIS` (`ID_PAIS`, `NOMBRE`) VALUES
(11, 'ALEMANIA'),
(12, 'ARGENTINA'),
(13, 'BRASIL'),
(14, 'CANADA'),
(15, 'COLOMBIA'),
(16, 'ESPAÑA'),
(17, 'ESTADOS UNIDOS'),
(18, 'ITALIA');

-- --------------------------------------------------------

--
-- Estructura de tabla para la tabla `SEDE`
--

CREATE TABLE IF NOT EXISTS `SEDE` (
`ID_SEDE` int(11) NOT NULL,
  `DESCRIPCION` varchar(45) DEFAULT NULL
) ENGINE=InnoDB AUTO_INCREMENT=3 DEFAULT CHARSET=utf8;

--
-- Volcado de datos para la tabla `SEDE`
--

INSERT INTO `SEDE` (`ID_SEDE`, `DESCRIPCION`) VALUES
(1, 'SEDE 1'),
(2, 'SEDE 2');

-- --------------------------------------------------------

--
-- Estructura de tabla para la tabla `SOLICITUD`
--

CREATE TABLE IF NOT EXISTS `SOLICITUD` (
`ID_SOLICITUD` int(11) NOT NULL,
  `FECHA_SOLICITUD` date DEFAULT NULL,
  `FECHA_RESERVA` date DEFAULT NULL,
  `FECHA_DEVOLUCION` date DEFAULT NULL,
  `FECHA_ENTREGA` date DEFAULT NULL,
  `ID_USUARIO` int(11) DEFAULT NULL,
  `ID_LIBRO` int(11) DEFAULT NULL,
  `ESTADO` varchar(45) NOT NULL
) ENGINE=InnoDB AUTO_INCREMENT=10 DEFAULT CHARSET=utf8;

--
-- Volcado de datos para la tabla `SOLICITUD`
--

INSERT INTO `SOLICITUD` (`ID_SOLICITUD`, `FECHA_SOLICITUD`, `FECHA_RESERVA`, `FECHA_DEVOLUCION`, `FECHA_ENTREGA`, `ID_USUARIO`, `ID_LIBRO`, `ESTADO`) VALUES
(7, '2015-06-17', '2015-06-18', '2015-06-20', '2015-08-06', 2, 1, 'FINALIZADO'),
(8, '2015-07-13', '2015-07-13', '2015-07-15', '2015-07-16', 2, 2, 'FINALIZADO'),
(9, '2015-07-13', '2015-07-13', '2015-07-15', '2015-07-21', 2, 1, 'EN MORA');

--
-- Disparadores `SOLICITUD`
--
DELIMITER //
CREATE TRIGGER `updateCantidadLibro` AFTER UPDATE ON `SOLICITUD`
 FOR EACH ROW BEGIN

DECLARE cantidad_libro INT;

SELECT CANTIDAD INTO cantidad_libro 
FROM LIBRO WHERE LIBRO.ID_LIBRO = NEW.ID_LIBRO;

IF NEW.ESTADO = 'PRESTADO' THEN
	SET cantidad_libro = cantidad_libro-1; -- Decrementa la cantidad en caso de prestamo.
END IF;

IF NEW.ESTADO = 'FINALIZADO' THEN
	SET cantidad_libro = cantidad_libro+1; -- Incrementa la cantidad en caso de regresar libro.
END IF;

UPDATE LIBRO SET CANTIDAD = cantidad_libro
WHERE LIBRO.ID_LIBRO = NEW.ID_LIBRO;

END
//
DELIMITER ;

-- --------------------------------------------------------

--
-- Estructura de tabla para la tabla `USUARIO`
--

CREATE TABLE IF NOT EXISTS `USUARIO` (
`ID_USUARIO` int(11) NOT NULL,
  `CEDULA` varchar(45) DEFAULT NULL,
  `PRIMER_NOMBRE` varchar(45) DEFAULT NULL,
  `SEGUNDO_NOMBRE` varchar(45) DEFAULT NULL,
  `PRIMER_APELLIDO` varchar(45) DEFAULT NULL,
  `SEGUNDO_APELLIDO` varchar(45) DEFAULT NULL,
  `TELEFONO` int(11) DEFAULT NULL,
  `DIRECCION` varchar(45) DEFAULT NULL,
  `EMAIL` varchar(45) DEFAULT NULL,
  `CODIGO` varchar(45) DEFAULT NULL,
  `CLAVE` varchar(45) DEFAULT NULL,
  `ROL` varchar(45) DEFAULT NULL
) ENGINE=InnoDB AUTO_INCREMENT=3 DEFAULT CHARSET=utf8;

--
-- Volcado de datos para la tabla `USUARIO`
--

INSERT INTO `USUARIO` (`ID_USUARIO`, `CEDULA`, `PRIMER_NOMBRE`, `SEGUNDO_NOMBRE`, `PRIMER_APELLIDO`, `SEGUNDO_APELLIDO`, `TELEFONO`, `DIRECCION`, `EMAIL`, `CODIGO`, `CLAVE`, `ROL`) VALUES
(1, '111', 'ADMINISTRADOR', 'ADMINISTRADOR', 'ADMINISTRADOR', 'ADMINISTRADOR', 111, 'CALLE 111', 'admin@gmail.com', '111', '111', 'ADMINISTRADOR'),
(2, '222', 'ESTUDIANTE', 'ESTUDIANTE', 'ESTUDIANTE', 'ESTUDIANTE', 222, 'CALLE222', 'estu@gmail.com', '222', '222', 'USUARIO');

-- --------------------------------------------------------

--
-- Estructura de tabla para la tabla `VALOR_MULTA`
--

CREATE TABLE IF NOT EXISTS `VALOR_MULTA` (
`ID_VALOR_MULTA` int(11) NOT NULL,
  `VALOR` int(11) DEFAULT NULL
) ENGINE=InnoDB AUTO_INCREMENT=2 DEFAULT CHARSET=utf8;

--
-- Volcado de datos para la tabla `VALOR_MULTA`
--

INSERT INTO `VALOR_MULTA` (`ID_VALOR_MULTA`, `VALOR`) VALUES
(1, 1000);

--
-- Índices para tablas volcadas
--

--
-- Indices de la tabla `AREA`
--
ALTER TABLE `AREA`
 ADD PRIMARY KEY (`ID_AREA`);

--
-- Indices de la tabla `AUTOR`
--
ALTER TABLE `AUTOR`
 ADD PRIMARY KEY (`ID_AUTOR`);

--
-- Indices de la tabla `CIUDAD`
--
ALTER TABLE `CIUDAD`
 ADD PRIMARY KEY (`ID_CIUDAD`), ADD KEY `fk_CIUDAD_1` (`ID_PAIS`);

--
-- Indices de la tabla `EDITORIAL`
--
ALTER TABLE `EDITORIAL`
 ADD PRIMARY KEY (`ID_EDITORIAL`);

--
-- Indices de la tabla `LIBRO`
--
ALTER TABLE `LIBRO`
 ADD PRIMARY KEY (`ID_LIBRO`), ADD UNIQUE KEY `ID_LIBRO_UNIQUE` (`ID_LIBRO`), ADD KEY `fk_LIBRO_1` (`ID_AREA`), ADD KEY `fk_LIBRO_2` (`ID_SEDE`), ADD KEY `fk_LIBRO_3` (`ID_EDITORIAL`), ADD KEY `fk_LIBRO_5` (`ID_USUARIO`), ADD KEY `fk_LIBRO_4` (`ID_CIUDAD`);

--
-- Indices de la tabla `LIBRO_AUTOR`
--
ALTER TABLE `LIBRO_AUTOR`
 ADD PRIMARY KEY (`ID_LIBRO_AUTOR`), ADD KEY `fk_LIBRO_AUTOR_1` (`ID_AUTOR`), ADD KEY `fk_LIBRO_AUTOR_2` (`ID_LIBRO`);

--
-- Indices de la tabla `MULTAS`
--
ALTER TABLE `MULTAS`
 ADD PRIMARY KEY (`ID_MULTAS`), ADD KEY `fk_MULTAS_1` (`ID_SOLICITUD`);

--
-- Indices de la tabla `PAIS`
--
ALTER TABLE `PAIS`
 ADD PRIMARY KEY (`ID_PAIS`);

--
-- Indices de la tabla `SEDE`
--
ALTER TABLE `SEDE`
 ADD PRIMARY KEY (`ID_SEDE`);

--
-- Indices de la tabla `SOLICITUD`
--
ALTER TABLE `SOLICITUD`
 ADD PRIMARY KEY (`ID_SOLICITUD`), ADD KEY `fk_SOLICITUD_1` (`ID_LIBRO`), ADD KEY `fk_SOLICITUD_2` (`ID_USUARIO`);

--
-- Indices de la tabla `USUARIO`
--
ALTER TABLE `USUARIO`
 ADD PRIMARY KEY (`ID_USUARIO`);

--
-- Indices de la tabla `VALOR_MULTA`
--
ALTER TABLE `VALOR_MULTA`
 ADD PRIMARY KEY (`ID_VALOR_MULTA`);

--
-- AUTO_INCREMENT de las tablas volcadas
--

--
-- AUTO_INCREMENT de la tabla `AREA`
--
ALTER TABLE `AREA`
MODIFY `ID_AREA` int(11) NOT NULL AUTO_INCREMENT,AUTO_INCREMENT=3;
--
-- AUTO_INCREMENT de la tabla `AUTOR`
--
ALTER TABLE `AUTOR`
MODIFY `ID_AUTOR` int(11) NOT NULL AUTO_INCREMENT,AUTO_INCREMENT=10;
--
-- AUTO_INCREMENT de la tabla `CIUDAD`
--
ALTER TABLE `CIUDAD`
MODIFY `ID_CIUDAD` int(11) NOT NULL AUTO_INCREMENT,AUTO_INCREMENT=32;
--
-- AUTO_INCREMENT de la tabla `EDITORIAL`
--
ALTER TABLE `EDITORIAL`
MODIFY `ID_EDITORIAL` int(11) NOT NULL AUTO_INCREMENT,AUTO_INCREMENT=3;
--
-- AUTO_INCREMENT de la tabla `LIBRO`
--
ALTER TABLE `LIBRO`
MODIFY `ID_LIBRO` int(11) NOT NULL AUTO_INCREMENT,AUTO_INCREMENT=5;
--
-- AUTO_INCREMENT de la tabla `LIBRO_AUTOR`
--
ALTER TABLE `LIBRO_AUTOR`
MODIFY `ID_LIBRO_AUTOR` int(11) NOT NULL AUTO_INCREMENT,AUTO_INCREMENT=10;
--
-- AUTO_INCREMENT de la tabla `MULTAS`
--
ALTER TABLE `MULTAS`
MODIFY `ID_MULTAS` int(11) NOT NULL AUTO_INCREMENT,AUTO_INCREMENT=4;
--
-- AUTO_INCREMENT de la tabla `PAIS`
--
ALTER TABLE `PAIS`
MODIFY `ID_PAIS` int(11) NOT NULL AUTO_INCREMENT,AUTO_INCREMENT=19;
--
-- AUTO_INCREMENT de la tabla `SEDE`
--
ALTER TABLE `SEDE`
MODIFY `ID_SEDE` int(11) NOT NULL AUTO_INCREMENT,AUTO_INCREMENT=3;
--
-- AUTO_INCREMENT de la tabla `SOLICITUD`
--
ALTER TABLE `SOLICITUD`
MODIFY `ID_SOLICITUD` int(11) NOT NULL AUTO_INCREMENT,AUTO_INCREMENT=10;
--
-- AUTO_INCREMENT de la tabla `USUARIO`
--
ALTER TABLE `USUARIO`
MODIFY `ID_USUARIO` int(11) NOT NULL AUTO_INCREMENT,AUTO_INCREMENT=3;
--
-- AUTO_INCREMENT de la tabla `VALOR_MULTA`
--
ALTER TABLE `VALOR_MULTA`
MODIFY `ID_VALOR_MULTA` int(11) NOT NULL AUTO_INCREMENT,AUTO_INCREMENT=2;
--
-- Restricciones para tablas volcadas
--

--
-- Filtros para la tabla `CIUDAD`
--
ALTER TABLE `CIUDAD`
ADD CONSTRAINT `fk_CIUDAD_1` FOREIGN KEY (`ID_PAIS`) REFERENCES `PAIS` (`ID_PAIS`) ON DELETE NO ACTION ON UPDATE NO ACTION;

--
-- Filtros para la tabla `LIBRO`
--
ALTER TABLE `LIBRO`
ADD CONSTRAINT `fk_LIBRO_1` FOREIGN KEY (`ID_AREA`) REFERENCES `AREA` (`ID_AREA`) ON DELETE NO ACTION ON UPDATE NO ACTION,
ADD CONSTRAINT `fk_LIBRO_2` FOREIGN KEY (`ID_SEDE`) REFERENCES `SEDE` (`ID_SEDE`) ON DELETE NO ACTION ON UPDATE NO ACTION,
ADD CONSTRAINT `fk_LIBRO_3` FOREIGN KEY (`ID_EDITORIAL`) REFERENCES `EDITORIAL` (`ID_EDITORIAL`) ON DELETE NO ACTION ON UPDATE NO ACTION,
ADD CONSTRAINT `fk_LIBRO_4` FOREIGN KEY (`ID_CIUDAD`) REFERENCES `CIUDAD` (`ID_CIUDAD`) ON DELETE NO ACTION ON UPDATE NO ACTION,
ADD CONSTRAINT `fk_LIBRO_5` FOREIGN KEY (`ID_USUARIO`) REFERENCES `USUARIO` (`ID_USUARIO`) ON DELETE NO ACTION ON UPDATE NO ACTION;

--
-- Filtros para la tabla `LIBRO_AUTOR`
--
ALTER TABLE `LIBRO_AUTOR`
ADD CONSTRAINT `fk_LIBRO_AUTOR_1` FOREIGN KEY (`ID_AUTOR`) REFERENCES `AUTOR` (`ID_AUTOR`) ON DELETE NO ACTION ON UPDATE NO ACTION,
ADD CONSTRAINT `fk_LIBRO_AUTOR_2` FOREIGN KEY (`ID_LIBRO`) REFERENCES `LIBRO` (`ID_LIBRO`) ON DELETE NO ACTION ON UPDATE NO ACTION;

--
-- Filtros para la tabla `MULTAS`
--
ALTER TABLE `MULTAS`
ADD CONSTRAINT `fk_MULTAS_1` FOREIGN KEY (`ID_SOLICITUD`) REFERENCES `SOLICITUD` (`ID_SOLICITUD`) ON DELETE NO ACTION ON UPDATE NO ACTION;

--
-- Filtros para la tabla `SOLICITUD`
--
ALTER TABLE `SOLICITUD`
ADD CONSTRAINT `fk_SOLICITUD_1` FOREIGN KEY (`ID_LIBRO`) REFERENCES `LIBRO` (`ID_LIBRO`) ON DELETE NO ACTION ON UPDATE NO ACTION,
ADD CONSTRAINT `fk_SOLICITUD_2` FOREIGN KEY (`ID_USUARIO`) REFERENCES `USUARIO` (`ID_USUARIO`) ON DELETE NO ACTION ON UPDATE NO ACTION;

DELIMITER $$
--
-- Eventos
--
CREATE DEFINER=`root`@`localhost` EVENT `verificarEstadosSolicitud` ON SCHEDULE EVERY 1 DAY STARTS '2015-06-01 00:00:00' ON COMPLETION NOT PRESERVE ENABLE DO BEGIN 

	-- Actualizar estado de "EN PROCESO" a "CANCELADO" en caso de que el usuario
	-- no haya retirado el libro en la fecha de reserva
	UPDATE SOLICITUD SET ESTADO = 'CANCELADO'
	WHERE SOLICITUD.ESTADO = 'EN PROCESO'
	AND CURRENT_DATE() > SOLICITUD.FECHA_RESERVA;

	-- Actualizar estado de "PRESTADO" a "EN MORA" en caso de que el usuario
	-- haya retirado el libro pero no haya sido regresado en la fecha de devolución
	UPDATE SOLICITUD SET ESTADO = 'EN MORA'
	WHERE SOLICITUD.ESTADO = 'PRESTADO'
	AND CURRENT_DATE() > SOLICITUD.FECHA_DEVOLUCION;

END$$

DELIMITER ;

/*!40101 SET CHARACTER_SET_CLIENT=@OLD_CHARACTER_SET_CLIENT */;
/*!40101 SET CHARACTER_SET_RESULTS=@OLD_CHARACTER_SET_RESULTS */;
/*!40101 SET COLLATION_CONNECTION=@OLD_COLLATION_CONNECTION */;
